{
	"partitions" : [
		{
			"name" : "Top",
			"pins" : [
				{
					"name" : "seg7_num1[0]",
					"strict" : false
				},
				{
					"name" : "seg7_num1[1]",
					"strict" : false
				},
				{
					"name" : "seg7_num1[2]",
					"strict" : false
				},
				{
					"name" : "seg7_num1[3]",
					"strict" : false
				},
				{
					"name" : "seg7_num1[4]",
					"strict" : false
				},
				{
					"name" : "seg7_num1[5]",
					"strict" : false
				},
				{
					"name" : "seg7_num1[6]",
					"strict" : false
				},
				{
					"name" : "seg7_num2[0]",
					"strict" : false
				},
				{
					"name" : "seg7_num2[1]",
					"strict" : false
				},
				{
					"name" : "seg7_num2[2]",
					"strict" : false
				},
				{
					"name" : "seg7_num2[3]",
					"strict" : false
				},
				{
					"name" : "seg7_num2[4]",
					"strict" : false
				},
				{
					"name" : "seg7_num2[5]",
					"strict" : false
				},
				{
					"name" : "seg7_num2[6]",
					"strict" : false
				},
				{
					"name" : "seg7_sum[0]",
					"strict" : false
				},
				{
					"name" : "seg7_sum[1]",
					"strict" : false
				},
				{
					"name" : "seg7_sum[2]",
					"strict" : false
				},
				{
					"name" : "seg7_sum[3]",
					"strict" : false
				},
				{
					"name" : "seg7_sum[4]",
					"strict" : false
				},
				{
					"name" : "seg7_sum[5]",
					"strict" : false
				},
				{
					"name" : "seg7_sum[6]",
					"strict" : false
				},
				{
					"name" : "switch_num1[0]",
					"strict" : false
				},
				{
					"name" : "switch_num1[1]",
					"strict" : false
				},
				{
					"name" : "switch_num1[2]",
					"strict" : false
				},
				{
					"name" : "switch_num1[3]",
					"strict" : false
				},
				{
					"name" : "switch_num2[0]",
					"strict" : false
				},
				{
					"name" : "switch_num2[1]",
					"strict" : false
				},
				{
					"name" : "switch_num2[2]",
					"strict" : false
				},
				{
					"name" : "switch_num2[3]",
					"strict" : false
				}
			]
		}
	]
}