{
	"partitions" : [
		{
			"name" : "Top",
			"pins" : [
				{
					"name" : "red_LED",
					"strict" : false
				},
				{
					"name" : "green_LED",
					"strict" : false
				},
				{
					"name" : "seg7_num1[0]",
					"strict" : false
				},
				{
					"name" : "seg7_num1[3]",
					"strict" : false
				},
				{
					"name" : "seg7_num1[4]",
					"strict" : false
				},
				{
					"name" : "seg7_num1[5]",
					"strict" : false
				},
				{
					"name" : "seg7_num2[0]",
					"strict" : false
				},
				{
					"name" : "seg7_num2[1]",
					"strict" : false
				},
				{
					"name" : "seg7_num2[2]",
					"strict" : false
				},
				{
					"name" : "seg7_num2[3]",
					"strict" : false
				},
				{
					"name" : "seg7_num2[4]",
					"strict" : false
				},
				{
					"name" : "seg7_num2[5]",
					"strict" : false
				},
				{
					"name" : "seg7_num2[6]",
					"strict" : false
				},
				{
					"name" : "seg7_sum[0]",
					"strict" : false
				},
				{
					"name" : "seg7_sum[1]",
					"strict" : false
				},
				{
					"name" : "seg7_sum[2]",
					"strict" : false
				},
				{
					"name" : "seg7_sum[3]",
					"strict" : false
				},
				{
					"name" : "seg7_sum[4]",
					"strict" : false
				},
				{
					"name" : "seg7_sum[5]",
					"strict" : false
				},
				{
					"name" : "seg7_sum[6]",
					"strict" : false
				},
				{
					"name" : "seg7_ones[0]",
					"strict" : false
				},
				{
					"name" : "seg7_ones[1]",
					"strict" : false
				},
				{
					"name" : "seg7_ones[2]",
					"strict" : false
				},
				{
					"name" : "seg7_ones[3]",
					"strict" : false
				},
				{
					"name" : "seg7_ones[4]",
					"strict" : false
				},
				{
					"name" : "seg7_ones[5]",
					"strict" : false
				},
				{
					"name" : "seg7_ones[6]",
					"strict" : false
				},
				{
					"name" : "clock",
					"strict" : false
				},
				{
					"name" : "reset",
					"strict" : false
				},
				{
					"name" : "player_input[0]",
					"strict" : false
				},
				{
					"name" : "player_input[1]",
					"strict" : false
				},
				{
					"name" : "player_input[2]",
					"strict" : false
				},
				{
					"name" : "player_input[3]",
					"strict" : false
				},
				{
					"name" : "password[1]",
					"strict" : false
				},
				{
					"name" : "password[0]",
					"strict" : false
				},
				{
					"name" : "password[3]",
					"strict" : false
				},
				{
					"name" : "password[2]",
					"strict" : false
				},
				{
					"name" : "password_button",
					"strict" : false
				},
				{
					"name" : "player_button",
					"strict" : false
				}
			]
		}
	]
}